id,transportationResource,name
c5591639_32b0_438e_8f00_f942112596e9,34e58906_4489_4bff_b20b_62efc7663d43,Algiers Harbor Ship Terminal
c5591639_32b0_438e_8f00_f942112596e9,0e625668_0d9d_4505_88d3_2f4c793a630e,Algiers Harbor Ship Terminal
570cd5bc_1151_426a_b68a_d28a4df43a66,fe4de180_4453_402c_a2f9_110777b278fa,Algiers Harbor Truck Terminal
570cd5bc_1151_426a_b68a_d28a4df43a66,578a835b_900c_438b_bd24_206240ec8e75,Algiers Harbor Truck Terminal
570cd5bc_1151_426a_b68a_d28a4df43a66,4c64b530_fed0_495d_ac8a_05ea7588071c,Algiers Harbor Truck Terminal
6d2cbcb5_78c7_4849_b531_c7774db05ed5,fe4de180_4453_402c_a2f9_110777b278fa,Algiers Truck Terminal
6d2cbcb5_78c7_4849_b531_c7774db05ed5,578a835b_900c_438b_bd24_206240ec8e75,Algiers Truck Terminal
6d2cbcb5_78c7_4849_b531_c7774db05ed5,4c64b530_fed0_495d_ac8a_05ea7588071c,Algiers Truck Terminal
61ebc5d0_0089_47b5_96d9_3fafe2cf2037,fe4de180_4453_402c_a2f9_110777b278fa,Augsburg Truck Terminal
61ebc5d0_0089_47b5_96d9_3fafe2cf2037,c0b0e492_d453_4421_8b88_a157bdee5b02,Augsburg Truck Terminal
61ebc5d0_0089_47b5_96d9_3fafe2cf2037,578a835b_900c_438b_bd24_206240ec8e75,Augsburg Truck Terminal
61ebc5d0_0089_47b5_96d9_3fafe2cf2037,4c64b530_fed0_495d_ac8a_05ea7588071c,Augsburg Truck Terminal
61ebc5d0_0089_47b5_96d9_3fafe2cf2037,45918dea_722e_4bd0_9662_fdf0d6343191,Augsburg Truck Terminal
4cbafaa2_17b3_419d_aa2c_0a38a3eb1388,7e5764c8_b3d8_401c_9c01_791f3f7a8cb6,Belfast Aircraft Terminal
59dcaff9_1f89_4c91_8b48_76b5122f877a,fe4de180_4453_402c_a2f9_110777b278fa,Belfast Truck Terminal
59dcaff9_1f89_4c91_8b48_76b5122f877a,c0b0e492_d453_4421_8b88_a157bdee5b02,Belfast Truck Terminal
59dcaff9_1f89_4c91_8b48_76b5122f877a,578a835b_900c_438b_bd24_206240ec8e75,Belfast Truck Terminal
59dcaff9_1f89_4c91_8b48_76b5122f877a,4c64b530_fed0_495d_ac8a_05ea7588071c,Belfast Truck Terminal
59dcaff9_1f89_4c91_8b48_76b5122f877a,45918dea_722e_4bd0_9662_fdf0d6343191,Belfast Truck Terminal
19c48777_2760_4ef6_b793_15936b1e7e95,9ec1ab98_6ec0_4af1_8281_b32e04c45557,Boston Harbor Ship Terminal
19c48777_2760_4ef6_b793_15936b1e7e95,34e58906_4489_4bff_b20b_62efc7663d43,Boston Harbor Ship Terminal
19c48777_2760_4ef6_b793_15936b1e7e95,0e625668_0d9d_4505_88d3_2f4c793a630e,Boston Harbor Ship Terminal
907e4dcf_75e2_4df7_a001_cc762bc0f74e,fe4de180_4453_402c_a2f9_110777b278fa,Boston Harbor Truck Terminal
907e4dcf_75e2_4df7_a001_cc762bc0f74e,c0b0e492_d453_4421_8b88_a157bdee5b02,Boston Harbor Truck Terminal
907e4dcf_75e2_4df7_a001_cc762bc0f74e,578a835b_900c_438b_bd24_206240ec8e75,Boston Harbor Truck Terminal
907e4dcf_75e2_4df7_a001_cc762bc0f74e,4c64b530_fed0_495d_ac8a_05ea7588071c,Boston Harbor Truck Terminal
907e4dcf_75e2_4df7_a001_cc762bc0f74e,45918dea_722e_4bd0_9662_fdf0d6343191,Boston Harbor Truck Terminal
04d3ffaa_cce5_43c5_b7ee_49c9db558ba7,7e5764c8_b3d8_401c_9c01_791f3f7a8cb6,Brasov Aircraft Terminal
f17df8ba_bf51_456d_8d4a_66123a977bdf,fe4de180_4453_402c_a2f9_110777b278fa,Brasov Truck Terminal
f17df8ba_bf51_456d_8d4a_66123a977bdf,c0b0e492_d453_4421_8b88_a157bdee5b02,Brasov Truck Terminal
f17df8ba_bf51_456d_8d4a_66123a977bdf,578a835b_900c_438b_bd24_206240ec8e75,Brasov Truck Terminal
f17df8ba_bf51_456d_8d4a_66123a977bdf,4c64b530_fed0_495d_ac8a_05ea7588071c,Brasov Truck Terminal
f17df8ba_bf51_456d_8d4a_66123a977bdf,45918dea_722e_4bd0_9662_fdf0d6343191,Brasov Truck Terminal
f4bce140_0d8b_48f9_a5bd_53dada58944d,7e5764c8_b3d8_401c_9c01_791f3f7a8cb6,Bremen Aircraft Terminal
fc2889ff_f667_4dd1_8cc0_3a5bc092a4ae,fe4de180_4453_402c_a2f9_110777b278fa,Bremen Truck Terminal
fc2889ff_f667_4dd1_8cc0_3a5bc092a4ae,c0b0e492_d453_4421_8b88_a157bdee5b02,Bremen Truck Terminal
fc2889ff_f667_4dd1_8cc0_3a5bc092a4ae,578a835b_900c_438b_bd24_206240ec8e75,Bremen Truck Terminal
fc2889ff_f667_4dd1_8cc0_3a5bc092a4ae,4c64b530_fed0_495d_ac8a_05ea7588071c,Bremen Truck Terminal
fc2889ff_f667_4dd1_8cc0_3a5bc092a4ae,45918dea_722e_4bd0_9662_fdf0d6343191,Bremen Truck Terminal
36004971_0e1a_4a6a_9a48_a70cda342177,7e5764c8_b3d8_401c_9c01_791f3f7a8cb6,Broughton Aircraft Terminal
90134a86_067e_486c_95f2_01e60ab3e0e7,fe4de180_4453_402c_a2f9_110777b278fa,Broughton Truck Terminal
90134a86_067e_486c_95f2_01e60ab3e0e7,c0b0e492_d453_4421_8b88_a157bdee5b02,Broughton Truck Terminal
90134a86_067e_486c_95f2_01e60ab3e0e7,578a835b_900c_438b_bd24_206240ec8e75,Broughton Truck Terminal
90134a86_067e_486c_95f2_01e60ab3e0e7,4c64b530_fed0_495d_ac8a_05ea7588071c,Broughton Truck Terminal
90134a86_067e_486c_95f2_01e60ab3e0e7,45918dea_722e_4bd0_9662_fdf0d6343191,Broughton Truck Terminal
02f6da43_0900_48e6_bd53_67a58b5672f2,34e58906_4489_4bff_b20b_62efc7663d43,Casablanca Harbor Ship Terminal
02f6da43_0900_48e6_bd53_67a58b5672f2,0e625668_0d9d_4505_88d3_2f4c793a630e,Casablanca Harbor Ship Terminal
7833f68f_0ebc_4701_bd14_9296e8ab4b0d,fe4de180_4453_402c_a2f9_110777b278fa,Casablanca Harbor Truck Terminal
7833f68f_0ebc_4701_bd14_9296e8ab4b0d,c0b0e492_d453_4421_8b88_a157bdee5b02,Casablanca Harbor Truck Terminal
7833f68f_0ebc_4701_bd14_9296e8ab4b0d,578a835b_900c_438b_bd24_206240ec8e75,Casablanca Harbor Truck Terminal
7833f68f_0ebc_4701_bd14_9296e8ab4b0d,45918dea_722e_4bd0_9662_fdf0d6343191,Casablanca Harbor Truck Terminal
2b54e17a_e674_4edc_bd1c_ac086236d72c,7e5764c8_b3d8_401c_9c01_791f3f7a8cb6,Cheltenham Aircraft Terminal
b22961ff_0674_4948_80a7_08acfa79c69f,fe4de180_4453_402c_a2f9_110777b278fa,Cheltenham Truck Terminal
b22961ff_0674_4948_80a7_08acfa79c69f,c0b0e492_d453_4421_8b88_a157bdee5b02,Cheltenham Truck Terminal
b22961ff_0674_4948_80a7_08acfa79c69f,578a835b_900c_438b_bd24_206240ec8e75,Cheltenham Truck Terminal
b22961ff_0674_4948_80a7_08acfa79c69f,4c64b530_fed0_495d_ac8a_05ea7588071c,Cheltenham Truck Terminal
b22961ff_0674_4948_80a7_08acfa79c69f,45918dea_722e_4bd0_9662_fdf0d6343191,Cheltenham Truck Terminal
2c5cbbe4_9479_4316_ac77_f19e5fff3fc0,fe4de180_4453_402c_a2f9_110777b278fa,Chengdu Truck Terminal
2c5cbbe4_9479_4316_ac77_f19e5fff3fc0,c0b0e492_d453_4421_8b88_a157bdee5b02,Chengdu Truck Terminal
2c5cbbe4_9479_4316_ac77_f19e5fff3fc0,578a835b_900c_438b_bd24_206240ec8e75,Chengdu Truck Terminal
2c5cbbe4_9479_4316_ac77_f19e5fff3fc0,4c64b530_fed0_495d_ac8a_05ea7588071c,Chengdu Truck Terminal
2c5cbbe4_9479_4316_ac77_f19e5fff3fc0,45918dea_722e_4bd0_9662_fdf0d6343191,Chengdu Truck Terminal
bc4319de_4034_458b_b26e_14ca66494ec6,34e58906_4489_4bff_b20b_62efc7663d43,Dunkerque Harbor Ship Terminal
bc4319de_4034_458b_b26e_14ca66494ec6,0e625668_0d9d_4505_88d3_2f4c793a630e,Dunkerque Harbor Ship Terminal
efbedcb0_d752_4418_b376_240f3bedb983,fe4de180_4453_402c_a2f9_110777b278fa,Dunkerque Harbor Truck Terminal
efbedcb0_d752_4418_b376_240f3bedb983,c0b0e492_d453_4421_8b88_a157bdee5b02,Dunkerque Harbor Truck Terminal
efbedcb0_d752_4418_b376_240f3bedb983,578a835b_900c_438b_bd24_206240ec8e75,Dunkerque Harbor Truck Terminal
efbedcb0_d752_4418_b376_240f3bedb983,4c64b530_fed0_495d_ac8a_05ea7588071c,Dunkerque Harbor Truck Terminal
efbedcb0_d752_4418_b376_240f3bedb983,45918dea_722e_4bd0_9662_fdf0d6343191,Dunkerque Harbor Truck Terminal
354e7a18_fb6c_41bf_9bc3_fb077d578c6b,34e58906_4489_4bff_b20b_62efc7663d43,Felixstowe Harbor Ship Terminal
354e7a18_fb6c_41bf_9bc3_fb077d578c6b,0e625668_0d9d_4505_88d3_2f4c793a630e,Felixstowe Harbor Ship Terminal
7301ada3_75df_461e_94a7_2a4dec6dc72a,fe4de180_4453_402c_a2f9_110777b278fa,Felixstowe Harbor Truck Terminal
7301ada3_75df_461e_94a7_2a4dec6dc72a,c0b0e492_d453_4421_8b88_a157bdee5b02,Felixstowe Harbor Truck Terminal
7301ada3_75df_461e_94a7_2a4dec6dc72a,578a835b_900c_438b_bd24_206240ec8e75,Felixstowe Harbor Truck Terminal
7301ada3_75df_461e_94a7_2a4dec6dc72a,4c64b530_fed0_495d_ac8a_05ea7588071c,Felixstowe Harbor Truck Terminal
7301ada3_75df_461e_94a7_2a4dec6dc72a,45918dea_722e_4bd0_9662_fdf0d6343191,Felixstowe Harbor Truck Terminal
d68a1336_5b7d_4f3a_9bb2_4ec0330f0c1e,7e5764c8_b3d8_401c_9c01_791f3f7a8cb6,Filton Aircraft Terminal
e89d09c1_91d3_478d_8938_722e3514db30,fe4de180_4453_402c_a2f9_110777b278fa,Filton Truck Terminal
e89d09c1_91d3_478d_8938_722e3514db30,c0b0e492_d453_4421_8b88_a157bdee5b02,Filton Truck Terminal
e89d09c1_91d3_478d_8938_722e3514db30,578a835b_900c_438b_bd24_206240ec8e75,Filton Truck Terminal
e89d09c1_91d3_478d_8938_722e3514db30,4c64b530_fed0_495d_ac8a_05ea7588071c,Filton Truck Terminal
e89d09c1_91d3_478d_8938_722e3514db30,45918dea_722e_4bd0_9662_fdf0d6343191,Filton Truck Terminal
75a086b9_1061_41e8_a79d_6b616ce1d823,34e58906_4489_4bff_b20b_62efc7663d43,Gdansk Ship Terminal
75a086b9_1061_41e8_a79d_6b616ce1d823,0e625668_0d9d_4505_88d3_2f4c793a630e,Gdansk Ship Terminal
de637fc5_1442_4fbb_8ab5_e537c04b6ea4,fe4de180_4453_402c_a2f9_110777b278fa,Gdansk Truck Terminal
de637fc5_1442_4fbb_8ab5_e537c04b6ea4,c0b0e492_d453_4421_8b88_a157bdee5b02,Gdansk Truck Terminal
de637fc5_1442_4fbb_8ab5_e537c04b6ea4,578a835b_900c_438b_bd24_206240ec8e75,Gdansk Truck Terminal
de637fc5_1442_4fbb_8ab5_e537c04b6ea4,4c64b530_fed0_495d_ac8a_05ea7588071c,Gdansk Truck Terminal
de637fc5_1442_4fbb_8ab5_e537c04b6ea4,45918dea_722e_4bd0_9662_fdf0d6343191,Gdansk Truck Terminal
ad6fc89a_a2f6_4afa_866e_f7f2785f6abb,7e5764c8_b3d8_401c_9c01_791f3f7a8cb6,Getafe Aircraft Terminal
dd40099f_63c3_4bc5_ba45_e21783d8ec36,fe4de180_4453_402c_a2f9_110777b278fa,Getafe Truck Terminal
dd40099f_63c3_4bc5_ba45_e21783d8ec36,c0b0e492_d453_4421_8b88_a157bdee5b02,Getafe Truck Terminal
dd40099f_63c3_4bc5_ba45_e21783d8ec36,578a835b_900c_438b_bd24_206240ec8e75,Getafe Truck Terminal
dd40099f_63c3_4bc5_ba45_e21783d8ec36,4c64b530_fed0_495d_ac8a_05ea7588071c,Getafe Truck Terminal
dd40099f_63c3_4bc5_ba45_e21783d8ec36,45918dea_722e_4bd0_9662_fdf0d6343191,Getafe Truck Terminal
49cee7e7_6d86_4841_8ed2_64f91a31bd82,34e58906_4489_4bff_b20b_62efc7663d43,Gibraltar Harbor Ship Terminal
49cee7e7_6d86_4841_8ed2_64f91a31bd82,0e625668_0d9d_4505_88d3_2f4c793a630e,Gibraltar Harbor Ship Terminal
f339dcd1_a3d3_4c6a_821c_69727aa9ecd2,fe4de180_4453_402c_a2f9_110777b278fa,Gibraltar Harbor Truck Terminal
f339dcd1_a3d3_4c6a_821c_69727aa9ecd2,c0b0e492_d453_4421_8b88_a157bdee5b02,Gibraltar Harbor Truck Terminal
f339dcd1_a3d3_4c6a_821c_69727aa9ecd2,578a835b_900c_438b_bd24_206240ec8e75,Gibraltar Harbor Truck Terminal
f339dcd1_a3d3_4c6a_821c_69727aa9ecd2,4c64b530_fed0_495d_ac8a_05ea7588071c,Gibraltar Harbor Truck Terminal
f339dcd1_a3d3_4c6a_821c_69727aa9ecd2,45918dea_722e_4bd0_9662_fdf0d6343191,Gibraltar Harbor Truck Terminal
0993d65e_c8f1_4d10_acf3_356b8a34308e,ff7f56c7_129a_4ff7_b387_53e3ae88aa61,Gruenendeich Harbor Ship Terminal
7e0543a2_6785_4f03_a20b_3301cc927ed3,fe4de180_4453_402c_a2f9_110777b278fa,Gruenendeich Harbor Truck Terminal
7e0543a2_6785_4f03_a20b_3301cc927ed3,c0b0e492_d453_4421_8b88_a157bdee5b02,Gruenendeich Harbor Truck Terminal
7e0543a2_6785_4f03_a20b_3301cc927ed3,578a835b_900c_438b_bd24_206240ec8e75,Gruenendeich Harbor Truck Terminal
7e0543a2_6785_4f03_a20b_3301cc927ed3,4c64b530_fed0_495d_ac8a_05ea7588071c,Gruenendeich Harbor Truck Terminal
7e0543a2_6785_4f03_a20b_3301cc927ed3,45918dea_722e_4bd0_9662_fdf0d6343191,Gruenendeich Harbor Truck Terminal
3b88ea00_5d45_48ff_b077_304dacb0a09c,7e5764c8_b3d8_401c_9c01_791f3f7a8cb6,Hamburg Aircraft Terminal
e63de4a6_e531_4df0_bcc7_807ae00da7b3,ff7f56c7_129a_4ff7_b387_53e3ae88aa61,Hamburg Harbor Ship Terminal
e63de4a6_e531_4df0_bcc7_807ae00da7b3,5ddbaba6_94a7_4f57_9579_c4f6a1bcbc05,Hamburg Harbor Ship Terminal
e63de4a6_e531_4df0_bcc7_807ae00da7b3,34e58906_4489_4bff_b20b_62efc7663d43,Hamburg Harbor Ship Terminal
e63de4a6_e531_4df0_bcc7_807ae00da7b3,0e625668_0d9d_4505_88d3_2f4c793a630e,Hamburg Harbor Ship Terminal
afea9d04_e997_445a_8c65_7b79104f045b,ff7f56c7_129a_4ff7_b387_53e3ae88aa61,Hamburg Harbor Terminal
afea9d04_e997_445a_8c65_7b79104f045b,34e58906_4489_4bff_b20b_62efc7663d43,Hamburg Harbor Terminal
afea9d04_e997_445a_8c65_7b79104f045b,0e625668_0d9d_4505_88d3_2f4c793a630e,Hamburg Harbor Terminal
470981b2_5545_43cd_9a1b_c239957b17c3,fe4de180_4453_402c_a2f9_110777b278fa,Hamburg Harbor Truck Terminal
470981b2_5545_43cd_9a1b_c239957b17c3,c0b0e492_d453_4421_8b88_a157bdee5b02,Hamburg Harbor Truck Terminal
470981b2_5545_43cd_9a1b_c239957b17c3,578a835b_900c_438b_bd24_206240ec8e75,Hamburg Harbor Truck Terminal
470981b2_5545_43cd_9a1b_c239957b17c3,4c64b530_fed0_495d_ac8a_05ea7588071c,Hamburg Harbor Truck Terminal
470981b2_5545_43cd_9a1b_c239957b17c3,45918dea_722e_4bd0_9662_fdf0d6343191,Hamburg Harbor Truck Terminal
97c2dba4_d7ff_45ee_81df_2547e8853540,fe4de180_4453_402c_a2f9_110777b278fa,Hamburg Truck Terminal
97c2dba4_d7ff_45ee_81df_2547e8853540,c0b0e492_d453_4421_8b88_a157bdee5b02,Hamburg Truck Terminal
97c2dba4_d7ff_45ee_81df_2547e8853540,578a835b_900c_438b_bd24_206240ec8e75,Hamburg Truck Terminal
97c2dba4_d7ff_45ee_81df_2547e8853540,4c64b530_fed0_495d_ac8a_05ea7588071c,Hamburg Truck Terminal
97c2dba4_d7ff_45ee_81df_2547e8853540,45918dea_722e_4bd0_9662_fdf0d6343191,Hamburg Truck Terminal
d6c75880_83a6_458b_902c_925b83ecc65c,fe4de180_4453_402c_a2f9_110777b278fa,Hangzhou Truck Terminal
d6c75880_83a6_458b_902c_925b83ecc65c,c0b0e492_d453_4421_8b88_a157bdee5b02,Hangzhou Truck Terminal
d6c75880_83a6_458b_902c_925b83ecc65c,578a835b_900c_438b_bd24_206240ec8e75,Hangzhou Truck Terminal
d6c75880_83a6_458b_902c_925b83ecc65c,4c64b530_fed0_495d_ac8a_05ea7588071c,Hangzhou Truck Terminal
d6c75880_83a6_458b_902c_925b83ecc65c,45918dea_722e_4bd0_9662_fdf0d6343191,Hangzhou Truck Terminal
6f335bd8_8d97_434e_bb33_70c9ffd9e93e,fe4de180_4453_402c_a2f9_110777b278fa,Hartford Truck Terminal
6f335bd8_8d97_434e_bb33_70c9ffd9e93e,c0b0e492_d453_4421_8b88_a157bdee5b02,Hartford Truck Terminal
6f335bd8_8d97_434e_bb33_70c9ffd9e93e,578a835b_900c_438b_bd24_206240ec8e75,Hartford Truck Terminal
6f335bd8_8d97_434e_bb33_70c9ffd9e93e,4c64b530_fed0_495d_ac8a_05ea7588071c,Hartford Truck Terminal
6f335bd8_8d97_434e_bb33_70c9ffd9e93e,45918dea_722e_4bd0_9662_fdf0d6343191,Hartford Truck Terminal
4d59dd50_e3e3_4137_a95d_e21df927592e,9ec1ab98_6ec0_4af1_8281_b32e04c45557,Houston Harbor Ship Terminal
4d59dd50_e3e3_4137_a95d_e21df927592e,34e58906_4489_4bff_b20b_62efc7663d43,Houston Harbor Ship Terminal
4d59dd50_e3e3_4137_a95d_e21df927592e,0e625668_0d9d_4505_88d3_2f4c793a630e,Houston Harbor Ship Terminal
442b9765_2ee2_4a05_a482_b9ef7e629f88,fe4de180_4453_402c_a2f9_110777b278fa,Illescas Truck Terminal
442b9765_2ee2_4a05_a482_b9ef7e629f88,c0b0e492_d453_4421_8b88_a157bdee5b02,Illescas Truck Terminal
442b9765_2ee2_4a05_a482_b9ef7e629f88,578a835b_900c_438b_bd24_206240ec8e75,Illescas Truck Terminal
442b9765_2ee2_4a05_a482_b9ef7e629f88,4c64b530_fed0_495d_ac8a_05ea7588071c,Illescas Truck Terminal
442b9765_2ee2_4a05_a482_b9ef7e629f88,45918dea_722e_4bd0_9662_fdf0d6343191,Illescas Truck Terminal
0ecee341_b583_472c_9cce_6b3c1ddd785c,34e58906_4489_4bff_b20b_62efc7663d43,Izmir Harbor Ship Terminal
0ecee341_b583_472c_9cce_6b3c1ddd785c,0e625668_0d9d_4505_88d3_2f4c793a630e,Izmir Harbor Ship Terminal
7b3a20d7_feab_48c4_898f_5a473150d0ca,fe4de180_4453_402c_a2f9_110777b278fa,Izmir Harbor Truck Terminal
7b3a20d7_feab_48c4_898f_5a473150d0ca,c0b0e492_d453_4421_8b88_a157bdee5b02,Izmir Harbor Truck Terminal
7b3a20d7_feab_48c4_898f_5a473150d0ca,578a835b_900c_438b_bd24_206240ec8e75,Izmir Harbor Truck Terminal
7b3a20d7_feab_48c4_898f_5a473150d0ca,4c64b530_fed0_495d_ac8a_05ea7588071c,Izmir Harbor Truck Terminal
7b3a20d7_feab_48c4_898f_5a473150d0ca,45918dea_722e_4bd0_9662_fdf0d6343191,Izmir Harbor Truck Terminal
24a5e4fb_e050_437c_987f_3f596047c0ab,34e58906_4489_4bff_b20b_62efc7663d43,Izmit Harbor Ship Terminal
24a5e4fb_e050_437c_987f_3f596047c0ab,0e625668_0d9d_4505_88d3_2f4c793a630e,Izmit Harbor Ship Terminal
79a8d806_9122_48c0_ac0e_5092739bb1fa,fe4de180_4453_402c_a2f9_110777b278fa,Izmit Harbor Truck Terminal
79a8d806_9122_48c0_ac0e_5092739bb1fa,c0b0e492_d453_4421_8b88_a157bdee5b02,Izmit Harbor Truck Terminal
79a8d806_9122_48c0_ac0e_5092739bb1fa,578a835b_900c_438b_bd24_206240ec8e75,Izmit Harbor Truck Terminal
79a8d806_9122_48c0_ac0e_5092739bb1fa,4c64b530_fed0_495d_ac8a_05ea7588071c,Izmit Harbor Truck Terminal
79a8d806_9122_48c0_ac0e_5092739bb1fa,45918dea_722e_4bd0_9662_fdf0d6343191,Izmit Harbor Truck Terminal
e4bf1170_1be7_4cc1_8f32_1214442c840a,7e5764c8_b3d8_401c_9c01_791f3f7a8cb6,Kahramankazan Aircraft Terminal
da1dd3c4_a33c_471a_8778_0104aa7191c8,fe4de180_4453_402c_a2f9_110777b278fa,Kahramankazan Truck Terminal
da1dd3c4_a33c_471a_8778_0104aa7191c8,c0b0e492_d453_4421_8b88_a157bdee5b02,Kahramankazan Truck Terminal
da1dd3c4_a33c_471a_8778_0104aa7191c8,578a835b_900c_438b_bd24_206240ec8e75,Kahramankazan Truck Terminal
da1dd3c4_a33c_471a_8778_0104aa7191c8,4c64b530_fed0_495d_ac8a_05ea7588071c,Kahramankazan Truck Terminal
da1dd3c4_a33c_471a_8778_0104aa7191c8,45918dea_722e_4bd0_9662_fdf0d6343191,Kahramankazan Truck Terminal
7369ca68_6d69_4f17_89d2_aab7c5d0473b,34e58906_4489_4bff_b20b_62efc7663d43,Liverpool Harbor Ship Terminal
7369ca68_6d69_4f17_89d2_aab7c5d0473b,0e625668_0d9d_4505_88d3_2f4c793a630e,Liverpool Harbor Ship Terminal
b29fd735_e654_40f2_a391_fb9604d1b110,fe4de180_4453_402c_a2f9_110777b278fa,Liverpool Harbor Truck Terminal
b29fd735_e654_40f2_a391_fb9604d1b110,c0b0e492_d453_4421_8b88_a157bdee5b02,Liverpool Harbor Truck Terminal
b29fd735_e654_40f2_a391_fb9604d1b110,578a835b_900c_438b_bd24_206240ec8e75,Liverpool Harbor Truck Terminal
b29fd735_e654_40f2_a391_fb9604d1b110,4c64b530_fed0_495d_ac8a_05ea7588071c,Liverpool Harbor Truck Terminal
b29fd735_e654_40f2_a391_fb9604d1b110,45918dea_722e_4bd0_9662_fdf0d6343191,Liverpool Harbor Truck Terminal
7d0b50be_4473_4bb7_b583_e6e8b3d27dbf,34e58906_4489_4bff_b20b_62efc7663d43,Marseille Harbor Ship Terminal
7d0b50be_4473_4bb7_b583_e6e8b3d27dbf,0e625668_0d9d_4505_88d3_2f4c793a630e,Marseille Harbor Ship Terminal
ea1dc425_b028_4139_940d_f617ba3c8d7b,fe4de180_4453_402c_a2f9_110777b278fa,Marseille Truck Terminal
ea1dc425_b028_4139_940d_f617ba3c8d7b,c0b0e492_d453_4421_8b88_a157bdee5b02,Marseille Truck Terminal
ea1dc425_b028_4139_940d_f617ba3c8d7b,578a835b_900c_438b_bd24_206240ec8e75,Marseille Truck Terminal
ea1dc425_b028_4139_940d_f617ba3c8d7b,4c64b530_fed0_495d_ac8a_05ea7588071c,Marseille Truck Terminal
ea1dc425_b028_4139_940d_f617ba3c8d7b,45918dea_722e_4bd0_9662_fdf0d6343191,Marseille Truck Terminal
6df3304d_77f1_4d51_ac81_2a297cc938a4,7e5764c8_b3d8_401c_9c01_791f3f7a8cb6,Meaulte Aircraft Terminal
aa3c998f_948a_4369_a44b_8ebedd98831a,fe4de180_4453_402c_a2f9_110777b278fa,Meaulte Truck Terminal
aa3c998f_948a_4369_a44b_8ebedd98831a,c0b0e492_d453_4421_8b88_a157bdee5b02,Meaulte Truck Terminal
aa3c998f_948a_4369_a44b_8ebedd98831a,578a835b_900c_438b_bd24_206240ec8e75,Meaulte Truck Terminal
aa3c998f_948a_4369_a44b_8ebedd98831a,4c64b530_fed0_495d_ac8a_05ea7588071c,Meaulte Truck Terminal
aa3c998f_948a_4369_a44b_8ebedd98831a,45918dea_722e_4bd0_9662_fdf0d6343191,Meaulte Truck Terminal
77113576_8868_4117_8231_f865361cb866,34e58906_4489_4bff_b20b_62efc7663d43,Mersin Harbor Ship Terminal
77113576_8868_4117_8231_f865361cb866,0e625668_0d9d_4505_88d3_2f4c793a630e,Mersin Harbor Ship Terminal
8b798527_765c_41e4_bb94_aae667bf0fa5,fe4de180_4453_402c_a2f9_110777b278fa,Mersin Harbor Truck Terminal
8b798527_765c_41e4_bb94_aae667bf0fa5,c0b0e492_d453_4421_8b88_a157bdee5b02,Mersin Harbor Truck Terminal
8b798527_765c_41e4_bb94_aae667bf0fa5,578a835b_900c_438b_bd24_206240ec8e75,Mersin Harbor Truck Terminal
8b798527_765c_41e4_bb94_aae667bf0fa5,4c64b530_fed0_495d_ac8a_05ea7588071c,Mersin Harbor Truck Terminal
8b798527_765c_41e4_bb94_aae667bf0fa5,45918dea_722e_4bd0_9662_fdf0d6343191,Mersin Harbor Truck Terminal
d928d9dd_c897_4854_b01a_2eadf13fa955,d1178a21_7491_40e9_9310_ec8d8258c62a,Mirabel Aircraft Terminal
cf122579_92c8_44fa_bab5_887eb5e54db6,fe4de180_4453_402c_a2f9_110777b278fa,Mirabel Truck Terminal
cf122579_92c8_44fa_bab5_887eb5e54db6,c0b0e492_d453_4421_8b88_a157bdee5b02,Mirabel Truck Terminal
cf122579_92c8_44fa_bab5_887eb5e54db6,578a835b_900c_438b_bd24_206240ec8e75,Mirabel Truck Terminal
cf122579_92c8_44fa_bab5_887eb5e54db6,4c64b530_fed0_495d_ac8a_05ea7588071c,Mirabel Truck Terminal
cf122579_92c8_44fa_bab5_887eb5e54db6,45918dea_722e_4bd0_9662_fdf0d6343191,Mirabel Truck Terminal
9d1f3790_f43b_41f9_a9cd_86e85ced0ef4,d1178a21_7491_40e9_9310_ec8d8258c62a,Mobile Aircraft Terminal
0873440c_1aa3_44dc_9829_e6b65fe089e2,9ec1ab98_6ec0_4af1_8281_b32e04c45557,Mobile Harbor Ship Terminal
0873440c_1aa3_44dc_9829_e6b65fe089e2,83297a8f_3a04_43d0_8bb6_af6ee2d88c1a,Mobile Harbor Ship Terminal
0873440c_1aa3_44dc_9829_e6b65fe089e2,34e58906_4489_4bff_b20b_62efc7663d43,Mobile Harbor Ship Terminal
0873440c_1aa3_44dc_9829_e6b65fe089e2,0e625668_0d9d_4505_88d3_2f4c793a630e,Mobile Harbor Ship Terminal
f285fc3c_fc33_4c68_beff_4e468f3ed827,fe4de180_4453_402c_a2f9_110777b278fa,Mobile Harbor Truck Terminal
f285fc3c_fc33_4c68_beff_4e468f3ed827,c0b0e492_d453_4421_8b88_a157bdee5b02,Mobile Harbor Truck Terminal
f285fc3c_fc33_4c68_beff_4e468f3ed827,bc1eae78_2219_4207_b834_1ccbb0ab40c7,Mobile Harbor Truck Terminal
f285fc3c_fc33_4c68_beff_4e468f3ed827,578a835b_900c_438b_bd24_206240ec8e75,Mobile Harbor Truck Terminal
f285fc3c_fc33_4c68_beff_4e468f3ed827,4c64b530_fed0_495d_ac8a_05ea7588071c,Mobile Harbor Truck Terminal
f285fc3c_fc33_4c68_beff_4e468f3ed827,45918dea_722e_4bd0_9662_fdf0d6343191,Mobile Harbor Truck Terminal
673cb38c_8710_423e_96ae_0c5d0e2a98cd,fe4de180_4453_402c_a2f9_110777b278fa,Mobile Truck Terminal
673cb38c_8710_423e_96ae_0c5d0e2a98cd,c0b0e492_d453_4421_8b88_a157bdee5b02,Mobile Truck Terminal
673cb38c_8710_423e_96ae_0c5d0e2a98cd,bc1eae78_2219_4207_b834_1ccbb0ab40c7,Mobile Truck Terminal
673cb38c_8710_423e_96ae_0c5d0e2a98cd,578a835b_900c_438b_bd24_206240ec8e75,Mobile Truck Terminal
673cb38c_8710_423e_96ae_0c5d0e2a98cd,4c64b530_fed0_495d_ac8a_05ea7588071c,Mobile Truck Terminal
673cb38c_8710_423e_96ae_0c5d0e2a98cd,45918dea_722e_4bd0_9662_fdf0d6343191,Mobile Truck Terminal
e82fbb59_3cdd_4f5a_b862_d951a803dc40,fe4de180_4453_402c_a2f9_110777b278fa,Mochau Truck Terminal
e82fbb59_3cdd_4f5a_b862_d951a803dc40,c0b0e492_d453_4421_8b88_a157bdee5b02,Mochau Truck Terminal
e82fbb59_3cdd_4f5a_b862_d951a803dc40,578a835b_900c_438b_bd24_206240ec8e75,Mochau Truck Terminal
e82fbb59_3cdd_4f5a_b862_d951a803dc40,4c64b530_fed0_495d_ac8a_05ea7588071c,Mochau Truck Terminal
e82fbb59_3cdd_4f5a_b862_d951a803dc40,45918dea_722e_4bd0_9662_fdf0d6343191,Mochau Truck Terminal
b47d3793_b927_410c_87a6_24d5571ca987,7e5764c8_b3d8_401c_9c01_791f3f7a8cb6,Montoir Airport Aircraft Terminal
e39fe42b_cab7_4ff4_80ee_876b919d7a55,83297a8f_3a04_43d0_8bb6_af6ee2d88c1a,Montoir Harbor Ship Terminal
e39fe42b_cab7_4ff4_80ee_876b919d7a55,34e58906_4489_4bff_b20b_62efc7663d43,Montoir Harbor Ship Terminal
e39fe42b_cab7_4ff4_80ee_876b919d7a55,0e625668_0d9d_4505_88d3_2f4c793a630e,Montoir Harbor Ship Terminal
f4ada997_f8d6_4ab9_9855_4d02ae4dcf76,fe4de180_4453_402c_a2f9_110777b278fa,Montoir Harbor Truck Terminal
f4ada997_f8d6_4ab9_9855_4d02ae4dcf76,c0b0e492_d453_4421_8b88_a157bdee5b02,Montoir Harbor Truck Terminal
f4ada997_f8d6_4ab9_9855_4d02ae4dcf76,bc1eae78_2219_4207_b834_1ccbb0ab40c7,Montoir Harbor Truck Terminal
f4ada997_f8d6_4ab9_9855_4d02ae4dcf76,578a835b_900c_438b_bd24_206240ec8e75,Montoir Harbor Truck Terminal
f4ada997_f8d6_4ab9_9855_4d02ae4dcf76,4c64b530_fed0_495d_ac8a_05ea7588071c,Montoir Harbor Truck Terminal
f4ada997_f8d6_4ab9_9855_4d02ae4dcf76,45918dea_722e_4bd0_9662_fdf0d6343191,Montoir Harbor Truck Terminal
a3eb5ea6_84b6_4043_adcd_8134216293d9,fe4de180_4453_402c_a2f9_110777b278fa,Montoir Truck Terminal
a3eb5ea6_84b6_4043_adcd_8134216293d9,c0b0e492_d453_4421_8b88_a157bdee5b02,Montoir Truck Terminal
a3eb5ea6_84b6_4043_adcd_8134216293d9,bc1eae78_2219_4207_b834_1ccbb0ab40c7,Montoir Truck Terminal
a3eb5ea6_84b6_4043_adcd_8134216293d9,578a835b_900c_438b_bd24_206240ec8e75,Montoir Truck Terminal
a3eb5ea6_84b6_4043_adcd_8134216293d9,4c64b530_fed0_495d_ac8a_05ea7588071c,Montoir Truck Terminal
a3eb5ea6_84b6_4043_adcd_8134216293d9,45918dea_722e_4bd0_9662_fdf0d6343191,Montoir Truck Terminal
5d97bb7f_3743_4398_8a77_135cbe242429,34e58906_4489_4bff_b20b_62efc7663d43,Montreal Harbor Ship Terminal
5d97bb7f_3743_4398_8a77_135cbe242429,0e625668_0d9d_4505_88d3_2f4c793a630e,Montreal Harbor Ship Terminal
948597f4_c752_46e8_a5fb_faceead4bef0,fe4de180_4453_402c_a2f9_110777b278fa,Montreal Harbor Truck Terminal
948597f4_c752_46e8_a5fb_faceead4bef0,c0b0e492_d453_4421_8b88_a157bdee5b02,Montreal Harbor Truck Terminal
948597f4_c752_46e8_a5fb_faceead4bef0,578a835b_900c_438b_bd24_206240ec8e75,Montreal Harbor Truck Terminal
948597f4_c752_46e8_a5fb_faceead4bef0,4c64b530_fed0_495d_ac8a_05ea7588071c,Montreal Harbor Truck Terminal
948597f4_c752_46e8_a5fb_faceead4bef0,45918dea_722e_4bd0_9662_fdf0d6343191,Montreal Harbor Truck Terminal
f8a8cf02_2dff_4d36_83f0_7c7c6c4da583,7e5764c8_b3d8_401c_9c01_791f3f7a8cb6,Nantes Aircraft Terminal
fd66d378_13be_4140_b205_a006cd2fc8ab,fe4de180_4453_402c_a2f9_110777b278fa,Nantes Truck Terminal
fd66d378_13be_4140_b205_a006cd2fc8ab,c0b0e492_d453_4421_8b88_a157bdee5b02,Nantes Truck Terminal
fd66d378_13be_4140_b205_a006cd2fc8ab,578a835b_900c_438b_bd24_206240ec8e75,Nantes Truck Terminal
fd66d378_13be_4140_b205_a006cd2fc8ab,4c64b530_fed0_495d_ac8a_05ea7588071c,Nantes Truck Terminal
fd66d378_13be_4140_b205_a006cd2fc8ab,45918dea_722e_4bd0_9662_fdf0d6343191,Nantes Truck Terminal
576c71c9_a19b_4cab_a87f_3a4fc5f61a53,34e58906_4489_4bff_b20b_62efc7663d43,Naples Harbor Ship Terminal
576c71c9_a19b_4cab_a87f_3a4fc5f61a53,0e625668_0d9d_4505_88d3_2f4c793a630e,Naples Harbor Ship Terminal
7d166348_2151_431d_88e6_ceb3ca9911fc,fe4de180_4453_402c_a2f9_110777b278fa,Naples Harbor Truck Terminal
7d166348_2151_431d_88e6_ceb3ca9911fc,c0b0e492_d453_4421_8b88_a157bdee5b02,Naples Harbor Truck Terminal
7d166348_2151_431d_88e6_ceb3ca9911fc,578a835b_900c_438b_bd24_206240ec8e75,Naples Harbor Truck Terminal
7d166348_2151_431d_88e6_ceb3ca9911fc,4c64b530_fed0_495d_ac8a_05ea7588071c,Naples Harbor Truck Terminal
7d166348_2151_431d_88e6_ceb3ca9911fc,45918dea_722e_4bd0_9662_fdf0d6343191,Naples Harbor Truck Terminal
4adb3506_7818_428f_8a41_ecf38084a661,fe4de180_4453_402c_a2f9_110777b278fa,Nola Truck Terminal
4adb3506_7818_428f_8a41_ecf38084a661,c0b0e492_d453_4421_8b88_a157bdee5b02,Nola Truck Terminal
4adb3506_7818_428f_8a41_ecf38084a661,578a835b_900c_438b_bd24_206240ec8e75,Nola Truck Terminal
4adb3506_7818_428f_8a41_ecf38084a661,4c64b530_fed0_495d_ac8a_05ea7588071c,Nola Truck Terminal
4adb3506_7818_428f_8a41_ecf38084a661,45918dea_722e_4bd0_9662_fdf0d6343191,Nola Truck Terminal
ae1c7c40_9355_4b39_8d0a_271d766deac6,ff7f56c7_129a_4ff7_b387_53e3ae88aa61,Nordenham Ship Terminal
ae1c7c40_9355_4b39_8d0a_271d766deac6,34e58906_4489_4bff_b20b_62efc7663d43,Nordenham Ship Terminal
ae1c7c40_9355_4b39_8d0a_271d766deac6,0e625668_0d9d_4505_88d3_2f4c793a630e,Nordenham Ship Terminal
82df9183_88ec_4def_a3d2_cbde914db0d2,fe4de180_4453_402c_a2f9_110777b278fa,Nordenham Truck Terminal
82df9183_88ec_4def_a3d2_cbde914db0d2,c0b0e492_d453_4421_8b88_a157bdee5b02,Nordenham Truck Terminal
82df9183_88ec_4def_a3d2_cbde914db0d2,578a835b_900c_438b_bd24_206240ec8e75,Nordenham Truck Terminal
82df9183_88ec_4def_a3d2_cbde914db0d2,4c64b530_fed0_495d_ac8a_05ea7588071c,Nordenham Truck Terminal
82df9183_88ec_4def_a3d2_cbde914db0d2,45918dea_722e_4bd0_9662_fdf0d6343191,Nordenham Truck Terminal
6464509c_ba24_4be8_9a94_71bac0ae2f65,7e5764c8_b3d8_401c_9c01_791f3f7a8cb6,Oberpfaffenhofen Aircraft Terminal
45b9c310_c48b_4d04_9160_8bd18026415a,fe4de180_4453_402c_a2f9_110777b278fa,Oberpfaffenhofen Truck Terminal
45b9c310_c48b_4d04_9160_8bd18026415a,c0b0e492_d453_4421_8b88_a157bdee5b02,Oberpfaffenhofen Truck Terminal
45b9c310_c48b_4d04_9160_8bd18026415a,578a835b_900c_438b_bd24_206240ec8e75,Oberpfaffenhofen Truck Terminal
45b9c310_c48b_4d04_9160_8bd18026415a,4c64b530_fed0_495d_ac8a_05ea7588071c,Oberpfaffenhofen Truck Terminal
45b9c310_c48b_4d04_9160_8bd18026415a,45918dea_722e_4bd0_9662_fdf0d6343191,Oberpfaffenhofen Truck Terminal
c80fbf21_a439_423e_9347_e9adf79432ca,34e58906_4489_4bff_b20b_62efc7663d43,Porto Harbor Ship Terminal
c80fbf21_a439_423e_9347_e9adf79432ca,0e625668_0d9d_4505_88d3_2f4c793a630e,Porto Harbor Ship Terminal
744ef292_9084_4cd1_a4da_b4cc7c2872d1,fe4de180_4453_402c_a2f9_110777b278fa,Porto Harbor Truck Terminal
744ef292_9084_4cd1_a4da_b4cc7c2872d1,c0b0e492_d453_4421_8b88_a157bdee5b02,Porto Harbor Truck Terminal
744ef292_9084_4cd1_a4da_b4cc7c2872d1,578a835b_900c_438b_bd24_206240ec8e75,Porto Harbor Truck Terminal
744ef292_9084_4cd1_a4da_b4cc7c2872d1,4c64b530_fed0_495d_ac8a_05ea7588071c,Porto Harbor Truck Terminal
744ef292_9084_4cd1_a4da_b4cc7c2872d1,45918dea_722e_4bd0_9662_fdf0d6343191,Porto Harbor Truck Terminal
2603e7be_a6b7_433a_bce7_bcc411527997,0e625668_0d9d_4505_88d3_2f4c793a630e,Puerto Real Ship Terminal
1f086fc8_e60e_43dd_9f42_cdaa0c1d6058,fe4de180_4453_402c_a2f9_110777b278fa,Puerto Real Truck Terminal
1f086fc8_e60e_43dd_9f42_cdaa0c1d6058,c0b0e492_d453_4421_8b88_a157bdee5b02,Puerto Real Truck Terminal
1f086fc8_e60e_43dd_9f42_cdaa0c1d6058,578a835b_900c_438b_bd24_206240ec8e75,Puerto Real Truck Terminal
1f086fc8_e60e_43dd_9f42_cdaa0c1d6058,4c64b530_fed0_495d_ac8a_05ea7588071c,Puerto Real Truck Terminal
1f086fc8_e60e_43dd_9f42_cdaa0c1d6058,45918dea_722e_4bd0_9662_fdf0d6343191,Puerto Real Truck Terminal
c06ed152_93c8_4721_9e37_6c1166db653b,7e5764c8_b3d8_401c_9c01_791f3f7a8cb6,Rheinhafen Aircraft Terminal
a0b374a9_6a54_4957_a4f0_0a942eac6888,fe4de180_4453_402c_a2f9_110777b278fa,Ried Truck Terminal
a0b374a9_6a54_4957_a4f0_0a942eac6888,c0b0e492_d453_4421_8b88_a157bdee5b02,Ried Truck Terminal
a0b374a9_6a54_4957_a4f0_0a942eac6888,578a835b_900c_438b_bd24_206240ec8e75,Ried Truck Terminal
a0b374a9_6a54_4957_a4f0_0a942eac6888,4c64b530_fed0_495d_ac8a_05ea7588071c,Ried Truck Terminal
a0b374a9_6a54_4957_a4f0_0a942eac6888,45918dea_722e_4bd0_9662_fdf0d6343191,Ried Truck Terminal
49fa8ef8_406c_4da4_b169_a701a39c3ab2,fe4de180_4453_402c_a2f9_110777b278fa,Rochefort Truck Terminal
49fa8ef8_406c_4da4_b169_a701a39c3ab2,c0b0e492_d453_4421_8b88_a157bdee5b02,Rochefort Truck Terminal
49fa8ef8_406c_4da4_b169_a701a39c3ab2,578a835b_900c_438b_bd24_206240ec8e75,Rochefort Truck Terminal
49fa8ef8_406c_4da4_b169_a701a39c3ab2,4c64b530_fed0_495d_ac8a_05ea7588071c,Rochefort Truck Terminal
49fa8ef8_406c_4da4_b169_a701a39c3ab2,45918dea_722e_4bd0_9662_fdf0d6343191,Rochefort Truck Terminal
20bb598c_821b_4d85_88f8_0ceb6a5f0933,34e58906_4489_4bff_b20b_62efc7663d43,Rostock Ship Terminal
20bb598c_821b_4d85_88f8_0ceb6a5f0933,0e625668_0d9d_4505_88d3_2f4c793a630e,Rostock Ship Terminal
62b581f4_e18c_4545_b687_f00e395d922c,fe4de180_4453_402c_a2f9_110777b278fa,Rostock Truck Terminal
62b581f4_e18c_4545_b687_f00e395d922c,c0b0e492_d453_4421_8b88_a157bdee5b02,Rostock Truck Terminal
62b581f4_e18c_4545_b687_f00e395d922c,578a835b_900c_438b_bd24_206240ec8e75,Rostock Truck Terminal
62b581f4_e18c_4545_b687_f00e395d922c,4c64b530_fed0_495d_ac8a_05ea7588071c,Rostock Truck Terminal
62b581f4_e18c_4545_b687_f00e395d922c,45918dea_722e_4bd0_9662_fdf0d6343191,Rostock Truck Terminal
ac0d5778_1b92_49c7_89de_d1e683ab9b1f,34e58906_4489_4bff_b20b_62efc7663d43,Rotterdam Harbor Ship Terminal
ac0d5778_1b92_49c7_89de_d1e683ab9b1f,0e625668_0d9d_4505_88d3_2f4c793a630e,Rotterdam Harbor Ship Terminal
a551613d_b2cf_4b1a_bb6a_01613e0107cc,fe4de180_4453_402c_a2f9_110777b278fa,Rotterdam Harbor Truck Terminal
a551613d_b2cf_4b1a_bb6a_01613e0107cc,c0b0e492_d453_4421_8b88_a157bdee5b02,Rotterdam Harbor Truck Terminal
a551613d_b2cf_4b1a_bb6a_01613e0107cc,578a835b_900c_438b_bd24_206240ec8e75,Rotterdam Harbor Truck Terminal
a551613d_b2cf_4b1a_bb6a_01613e0107cc,4c64b530_fed0_495d_ac8a_05ea7588071c,Rotterdam Harbor Truck Terminal
a551613d_b2cf_4b1a_bb6a_01613e0107cc,45918dea_722e_4bd0_9662_fdf0d6343191,Rotterdam Harbor Truck Terminal
cbd2b204_0694_491e_af4c_80a1ba611ce5,34e58906_4489_4bff_b20b_62efc7663d43,Sacheon Harbor Ship Terminal
cbd2b204_0694_491e_af4c_80a1ba611ce5,0e625668_0d9d_4505_88d3_2f4c793a630e,Sacheon Harbor Ship Terminal
cd86181a_fef8_47b5_af33_ce03f62ac285,fe4de180_4453_402c_a2f9_110777b278fa,Sacheon Harbor Truck Terminal
cd86181a_fef8_47b5_af33_ce03f62ac285,c0b0e492_d453_4421_8b88_a157bdee5b02,Sacheon Harbor Truck Terminal
cd86181a_fef8_47b5_af33_ce03f62ac285,578a835b_900c_438b_bd24_206240ec8e75,Sacheon Harbor Truck Terminal
cd86181a_fef8_47b5_af33_ce03f62ac285,45918dea_722e_4bd0_9662_fdf0d6343191,Sacheon Harbor Truck Terminal
daee4699_df40_4425_bbe6_b6d7fa7e32d4,fe4de180_4453_402c_a2f9_110777b278fa,Sacheon Truck Terminal
daee4699_df40_4425_bbe6_b6d7fa7e32d4,c0b0e492_d453_4421_8b88_a157bdee5b02,Sacheon Truck Terminal
daee4699_df40_4425_bbe6_b6d7fa7e32d4,578a835b_900c_438b_bd24_206240ec8e75,Sacheon Truck Terminal
daee4699_df40_4425_bbe6_b6d7fa7e32d4,45918dea_722e_4bd0_9662_fdf0d6343191,Sacheon Truck Terminal
c67fb7b9_c27b_4eed_aec1_ecee2c8f5ad9,9ec1ab98_6ec0_4af1_8281_b32e04c45557,Savanna Harbor Ship Terminal
c67fb7b9_c27b_4eed_aec1_ecee2c8f5ad9,34e58906_4489_4bff_b20b_62efc7663d43,Savanna Harbor Ship Terminal
c67fb7b9_c27b_4eed_aec1_ecee2c8f5ad9,0e625668_0d9d_4505_88d3_2f4c793a630e,Savanna Harbor Ship Terminal
41a8b20f_3254_42ff_9367_d2ec1219e113,34e58906_4489_4bff_b20b_62efc7663d43,Shaghai Harbor Ship Terminal
41a8b20f_3254_42ff_9367_d2ec1219e113,0e625668_0d9d_4505_88d3_2f4c793a630e,Shaghai Harbor Ship Terminal
64d02428_7187_44c7_8e7e_a1e5ea28ce8c,fe4de180_4453_402c_a2f9_110777b278fa,Shanghai Harbor Truck Terminal
64d02428_7187_44c7_8e7e_a1e5ea28ce8c,c0b0e492_d453_4421_8b88_a157bdee5b02,Shanghai Harbor Truck Terminal
64d02428_7187_44c7_8e7e_a1e5ea28ce8c,578a835b_900c_438b_bd24_206240ec8e75,Shanghai Harbor Truck Terminal
64d02428_7187_44c7_8e7e_a1e5ea28ce8c,4c64b530_fed0_495d_ac8a_05ea7588071c,Shanghai Harbor Truck Terminal
64d02428_7187_44c7_8e7e_a1e5ea28ce8c,45918dea_722e_4bd0_9662_fdf0d6343191,Shanghai Harbor Truck Terminal
edbb1862_973d_40cb_a198_4dc582226363,34e58906_4489_4bff_b20b_62efc7663d43,Southampton Harbor Ship Terminal
edbb1862_973d_40cb_a198_4dc582226363,0e625668_0d9d_4505_88d3_2f4c793a630e,Southampton Harbor Ship Terminal
45632db2_cf36_4dd7_91c3_9bb3ec244b66,fe4de180_4453_402c_a2f9_110777b278fa,Southampton Harbor Truck Terminal
45632db2_cf36_4dd7_91c3_9bb3ec244b66,c0b0e492_d453_4421_8b88_a157bdee5b02,Southampton Harbor Truck Terminal
45632db2_cf36_4dd7_91c3_9bb3ec244b66,578a835b_900c_438b_bd24_206240ec8e75,Southampton Harbor Truck Terminal
45632db2_cf36_4dd7_91c3_9bb3ec244b66,4c64b530_fed0_495d_ac8a_05ea7588071c,Southampton Harbor Truck Terminal
45632db2_cf36_4dd7_91c3_9bb3ec244b66,45918dea_722e_4bd0_9662_fdf0d6343191,Southampton Harbor Truck Terminal
990b98cd_ca33_4bb5_904f_51d61a2dde44,fe4de180_4453_402c_a2f9_110777b278fa,Speyer Truck Terminal
990b98cd_ca33_4bb5_904f_51d61a2dde44,c0b0e492_d453_4421_8b88_a157bdee5b02,Speyer Truck Terminal
990b98cd_ca33_4bb5_904f_51d61a2dde44,578a835b_900c_438b_bd24_206240ec8e75,Speyer Truck Terminal
990b98cd_ca33_4bb5_904f_51d61a2dde44,4c64b530_fed0_495d_ac8a_05ea7588071c,Speyer Truck Terminal
990b98cd_ca33_4bb5_904f_51d61a2dde44,45918dea_722e_4bd0_9662_fdf0d6343191,Speyer Truck Terminal
da8ca930_7316_401c_a176_6c2e8beecc64,7e5764c8_b3d8_401c_9c01_791f3f7a8cb6,St. Nazaire Aircraft Terminal
1c54f794_07a5_4402_b964_bd8ce7240565,34e58906_4489_4bff_b20b_62efc7663d43,St. Nazaire Ship Terminal
1c54f794_07a5_4402_b964_bd8ce7240565,0e625668_0d9d_4505_88d3_2f4c793a630e,St. Nazaire Ship Terminal
606b4a2b_26fc_4c2b_bd58_6297e1f1ff1d,fe4de180_4453_402c_a2f9_110777b278fa,St. Nazaire Truck Terminal
606b4a2b_26fc_4c2b_bd58_6297e1f1ff1d,c0b0e492_d453_4421_8b88_a157bdee5b02,St. Nazaire Truck Terminal
606b4a2b_26fc_4c2b_bd58_6297e1f1ff1d,578a835b_900c_438b_bd24_206240ec8e75,St. Nazaire Truck Terminal
606b4a2b_26fc_4c2b_bd58_6297e1f1ff1d,4c64b530_fed0_495d_ac8a_05ea7588071c,St. Nazaire Truck Terminal
606b4a2b_26fc_4c2b_bd58_6297e1f1ff1d,45918dea_722e_4bd0_9662_fdf0d6343191,St. Nazaire Truck Terminal
ab6d2878_6fd2_4023_85e3_d51cad1c849b,fe4de180_4453_402c_a2f9_110777b278fa,Stade Truck Terminal
ab6d2878_6fd2_4023_85e3_d51cad1c849b,c0b0e492_d453_4421_8b88_a157bdee5b02,Stade Truck Terminal
ab6d2878_6fd2_4023_85e3_d51cad1c849b,578a835b_900c_438b_bd24_206240ec8e75,Stade Truck Terminal
ab6d2878_6fd2_4023_85e3_d51cad1c849b,4c64b530_fed0_495d_ac8a_05ea7588071c,Stade Truck Terminal
ab6d2878_6fd2_4023_85e3_d51cad1c849b,45918dea_722e_4bd0_9662_fdf0d6343191,Stade Truck Terminal
c5245bfc_17ba_4541_b19d_8c65e00320af,34e58906_4489_4bff_b20b_62efc7663d43,Taichung Harbor Ship Terminal
c5245bfc_17ba_4541_b19d_8c65e00320af,0e625668_0d9d_4505_88d3_2f4c793a630e,Taichung Harbor Ship Terminal
3d5d7e22_45b9_4d78_992e_28ef4e268461,fe4de180_4453_402c_a2f9_110777b278fa,Taichung Harbor Truck Terminal
3d5d7e22_45b9_4d78_992e_28ef4e268461,c0b0e492_d453_4421_8b88_a157bdee5b02,Taichung Harbor Truck Terminal
3d5d7e22_45b9_4d78_992e_28ef4e268461,578a835b_900c_438b_bd24_206240ec8e75,Taichung Harbor Truck Terminal
3d5d7e22_45b9_4d78_992e_28ef4e268461,4c64b530_fed0_495d_ac8a_05ea7588071c,Taichung Harbor Truck Terminal
3d5d7e22_45b9_4d78_992e_28ef4e268461,45918dea_722e_4bd0_9662_fdf0d6343191,Taichung Harbor Truck Terminal
a653d86d_3c47_492d_8ba3_da106db0b609,fe4de180_4453_402c_a2f9_110777b278fa,Taichung Truck Terminal
a653d86d_3c47_492d_8ba3_da106db0b609,c0b0e492_d453_4421_8b88_a157bdee5b02,Taichung Truck Terminal
a653d86d_3c47_492d_8ba3_da106db0b609,578a835b_900c_438b_bd24_206240ec8e75,Taichung Truck Terminal
a653d86d_3c47_492d_8ba3_da106db0b609,4c64b530_fed0_495d_ac8a_05ea7588071c,Taichung Truck Terminal
a653d86d_3c47_492d_8ba3_da106db0b609,45918dea_722e_4bd0_9662_fdf0d6343191,Taichung Truck Terminal
866b065e_af1a_4dde_a618_0be56c97ffa2,5ddbaba6_94a7_4f57_9579_c4f6a1bcbc05,Tianjin Harbor Ship Terminal
866b065e_af1a_4dde_a618_0be56c97ffa2,34e58906_4489_4bff_b20b_62efc7663d43,Tianjin Harbor Ship Terminal
866b065e_af1a_4dde_a618_0be56c97ffa2,0e625668_0d9d_4505_88d3_2f4c793a630e,Tianjin Harbor Ship Terminal
23fe619c_8f96_4def_88c9_15771cfa94e6,fe4de180_4453_402c_a2f9_110777b278fa,Tianjin Harbor Truck Terminal
23fe619c_8f96_4def_88c9_15771cfa94e6,c0b0e492_d453_4421_8b88_a157bdee5b02,Tianjin Harbor Truck Terminal
23fe619c_8f96_4def_88c9_15771cfa94e6,bc1eae78_2219_4207_b834_1ccbb0ab40c7,Tianjin Harbor Truck Terminal
23fe619c_8f96_4def_88c9_15771cfa94e6,578a835b_900c_438b_bd24_206240ec8e75,Tianjin Harbor Truck Terminal
23fe619c_8f96_4def_88c9_15771cfa94e6,4c64b530_fed0_495d_ac8a_05ea7588071c,Tianjin Harbor Truck Terminal
23fe619c_8f96_4def_88c9_15771cfa94e6,45918dea_722e_4bd0_9662_fdf0d6343191,Tianjin Harbor Truck Terminal
cc90121d_0bd2_4853_8400_919c28b3ae09,fe4de180_4453_402c_a2f9_110777b278fa,Tianjin Truck Terminal
cc90121d_0bd2_4853_8400_919c28b3ae09,c0b0e492_d453_4421_8b88_a157bdee5b02,Tianjin Truck Terminal
cc90121d_0bd2_4853_8400_919c28b3ae09,bc1eae78_2219_4207_b834_1ccbb0ab40c7,Tianjin Truck Terminal
cc90121d_0bd2_4853_8400_919c28b3ae09,578a835b_900c_438b_bd24_206240ec8e75,Tianjin Truck Terminal
cc90121d_0bd2_4853_8400_919c28b3ae09,4c64b530_fed0_495d_ac8a_05ea7588071c,Tianjin Truck Terminal
cc90121d_0bd2_4853_8400_919c28b3ae09,45918dea_722e_4bd0_9662_fdf0d6343191,Tianjin Truck Terminal
e017ccab_1e39_4566_b491_e74f8e51c94d,7e5764c8_b3d8_401c_9c01_791f3f7a8cb6,Toulouse Aircraft Terminal
fa2d0d02_01c6_4421_b9ee_83ccc136014f,fe4de180_4453_402c_a2f9_110777b278fa,Toulouse Truck Terminal
fa2d0d02_01c6_4421_b9ee_83ccc136014f,c0b0e492_d453_4421_8b88_a157bdee5b02,Toulouse Truck Terminal
fa2d0d02_01c6_4421_b9ee_83ccc136014f,578a835b_900c_438b_bd24_206240ec8e75,Toulouse Truck Terminal
fa2d0d02_01c6_4421_b9ee_83ccc136014f,4c64b530_fed0_495d_ac8a_05ea7588071c,Toulouse Truck Terminal
fa2d0d02_01c6_4421_b9ee_83ccc136014f,45918dea_722e_4bd0_9662_fdf0d6343191,Toulouse Truck Terminal
a71cd1ca_95ff_4461_b18d_e891a351581b,34e58906_4489_4bff_b20b_62efc7663d43,Trieste Harbor Ship Terminal
a71cd1ca_95ff_4461_b18d_e891a351581b,0e625668_0d9d_4505_88d3_2f4c793a630e,Trieste Harbor Ship Terminal
33f7cbb6_7006_4814_91b5_87d14119ab83,fe4de180_4453_402c_a2f9_110777b278fa,Trieste Harbor Truck Terminal
33f7cbb6_7006_4814_91b5_87d14119ab83,c0b0e492_d453_4421_8b88_a157bdee5b02,Trieste Harbor Truck Terminal
33f7cbb6_7006_4814_91b5_87d14119ab83,578a835b_900c_438b_bd24_206240ec8e75,Trieste Harbor Truck Terminal
33f7cbb6_7006_4814_91b5_87d14119ab83,4c64b530_fed0_495d_ac8a_05ea7588071c,Trieste Harbor Truck Terminal
33f7cbb6_7006_4814_91b5_87d14119ab83,45918dea_722e_4bd0_9662_fdf0d6343191,Trieste Harbor Truck Terminal
c33bcabe_5c6a_4289_9ac3_e40da122868b,fe4de180_4453_402c_a2f9_110777b278fa,Trofa Truck Terminal
c33bcabe_5c6a_4289_9ac3_e40da122868b,c0b0e492_d453_4421_8b88_a157bdee5b02,Trofa Truck Terminal
c33bcabe_5c6a_4289_9ac3_e40da122868b,578a835b_900c_438b_bd24_206240ec8e75,Trofa Truck Terminal
c33bcabe_5c6a_4289_9ac3_e40da122868b,4c64b530_fed0_495d_ac8a_05ea7588071c,Trofa Truck Terminal
c33bcabe_5c6a_4289_9ac3_e40da122868b,45918dea_722e_4bd0_9662_fdf0d6343191,Trofa Truck Terminal
939f5e3f_9a88_495d_adbf_08030b37e672,34e58906_4489_4bff_b20b_62efc7663d43,Valencia Harbor Ship Terminal
939f5e3f_9a88_495d_adbf_08030b37e672,0e625668_0d9d_4505_88d3_2f4c793a630e,Valencia Harbor Ship Terminal
05b38166_4cf8_4f3f_a67a_d9d61daee8a5,fe4de180_4453_402c_a2f9_110777b278fa,Valencia Harbor Truck Terminal
05b38166_4cf8_4f3f_a67a_d9d61daee8a5,c0b0e492_d453_4421_8b88_a157bdee5b02,Valencia Harbor Truck Terminal
05b38166_4cf8_4f3f_a67a_d9d61daee8a5,578a835b_900c_438b_bd24_206240ec8e75,Valencia Harbor Truck Terminal
05b38166_4cf8_4f3f_a67a_d9d61daee8a5,4c64b530_fed0_495d_ac8a_05ea7588071c,Valencia Harbor Truck Terminal
05b38166_4cf8_4f3f_a67a_d9d61daee8a5,45918dea_722e_4bd0_9662_fdf0d6343191,Valencia Harbor Truck Terminal
ecfaf82f_4eec_450b_a36e_52f4ffd95846,fe4de180_4453_402c_a2f9_110777b278fa,Velizy-Villacoublay Truck Terminal
ecfaf82f_4eec_450b_a36e_52f4ffd95846,c0b0e492_d453_4421_8b88_a157bdee5b02,Velizy-Villacoublay Truck Terminal
ecfaf82f_4eec_450b_a36e_52f4ffd95846,578a835b_900c_438b_bd24_206240ec8e75,Velizy-Villacoublay Truck Terminal
ecfaf82f_4eec_450b_a36e_52f4ffd95846,4c64b530_fed0_495d_ac8a_05ea7588071c,Velizy-Villacoublay Truck Terminal
ecfaf82f_4eec_450b_a36e_52f4ffd95846,45918dea_722e_4bd0_9662_fdf0d6343191,Velizy-Villacoublay Truck Terminal
6a8ed3cf_ba80_447e_b091_32911eca510b,fe4de180_4453_402c_a2f9_110777b278fa,Villaroche Truck Terminal
6a8ed3cf_ba80_447e_b091_32911eca510b,c0b0e492_d453_4421_8b88_a157bdee5b02,Villaroche Truck Terminal
6a8ed3cf_ba80_447e_b091_32911eca510b,578a835b_900c_438b_bd24_206240ec8e75,Villaroche Truck Terminal
6a8ed3cf_ba80_447e_b091_32911eca510b,4c64b530_fed0_495d_ac8a_05ea7588071c,Villaroche Truck Terminal
6a8ed3cf_ba80_447e_b091_32911eca510b,45918dea_722e_4bd0_9662_fdf0d6343191,Villaroche Truck Terminal
71a686dc_f70f_4fc4_b27f_51e9857ce68f,7e5764c8_b3d8_401c_9c01_791f3f7a8cb6,Ville de Deroua Aircraft Terminal
d5a27493_4c8c_4b4e_98f5_be4268f72fb2,fe4de180_4453_402c_a2f9_110777b278fa,Ville de Deroua Truck Terminal
d5a27493_4c8c_4b4e_98f5_be4268f72fb2,c0b0e492_d453_4421_8b88_a157bdee5b02,Ville de Deroua Truck Terminal
d5a27493_4c8c_4b4e_98f5_be4268f72fb2,578a835b_900c_438b_bd24_206240ec8e75,Ville de Deroua Truck Terminal
d5a27493_4c8c_4b4e_98f5_be4268f72fb2,45918dea_722e_4bd0_9662_fdf0d6343191,Ville de Deroua Truck Terminal
98e037e8_c338_4482_a071_e5b7c2879cdf,fe4de180_4453_402c_a2f9_110777b278fa,Vitoria-Gasteiz Truck Terminal
98e037e8_c338_4482_a071_e5b7c2879cdf,c0b0e492_d453_4421_8b88_a157bdee5b02,Vitoria-Gasteiz Truck Terminal
98e037e8_c338_4482_a071_e5b7c2879cdf,578a835b_900c_438b_bd24_206240ec8e75,Vitoria-Gasteiz Truck Terminal
98e037e8_c338_4482_a071_e5b7c2879cdf,4c64b530_fed0_495d_ac8a_05ea7588071c,Vitoria-Gasteiz Truck Terminal
98e037e8_c338_4482_a071_e5b7c2879cdf,45918dea_722e_4bd0_9662_fdf0d6343191,Vitoria-Gasteiz Truck Terminal